vernacular	tree	leaf	la	ldmc	lt	sla	tlp
CASTA	5744	1	89.72695022624433	0.5273684210526316	0.2813333333333333	74.81445856401827	-1.70636
CASTA	5744	2	162.03336470588232	0.5131713554987212	0.291	80.81507589023455	-1.95388
ANGEL	5677	1	158.64731583710406	0.5150373134328359	0.24533333333333335	58.42438606860663	-1.64604
ANGEL	5677	2	0	0.42455012853470436	0.19666666666666663	0	-1.5794800000000002
PIQUI	5950	1	NA	NA	NA	NA	-1.89148
PIQUI	5950	2	NA	NA	NA	NA	-1.879
PIQUI	5953	1	NA	NA	NA	NA	-1.6647599999999998
PIQUI	5953	2	NA	NA	NA	NA	-1.671
ANGEL	5663	1	202.776050678733	0.44434535104364326	0.27266666666666667	89.33300226447236	-1.53788
ANGEL	5663	2	151.46743167420811	0.46084985835694053	0.227	94.72451149134352	-1.6377199999999998
ANGEL	5993	1	116.26317104072396	0.5494637223974763	0.267	68.79159386269677	-2.03708
ANGEL	5993	2	69.85189140271493	0.5250526315789474	0.2733333333333334	70.99030796082542	-2.07036
JARAN	6517	1	161.69804886877827	0.47484429065743944	0.17066666666666666	117.88195330823206	-2.09324
JARAN	6517	2	63.44075294117646	0.4127906976744186	0.14966666666666667	178.98193869096934	-2.13484
VIROL	6632	1	61.14956742081447	0.44457627118644066	0.14266666666666666	116.77989521859361	-1.77084
VIROL	6632	2	42.70190045248869	0.39908045977011497	0.14733333333333334	123.4076047292366	-1.79996
ANGEL	6243	1	154.55384253393663	0.4690719696969697	0.32133333333333336	62.8603927975245	-2.3033200000000003
ANGEL	6243	2	111.80567239819004	0.4980115273775216	0.2816666666666667	68.84646203386608	-2.17852
FREIJ	6564	1	36.388876018099545	0.3946478873239437	0.303	130.0793938395651	-1.87692
FREIJ	6564	2	45.12381176470588	0.3942857142857143	0.25066666666666665	126.00706225376693	-1.6918
JARAN	6248	1	55.70730497737556	0.5205940594059406	0.19633333333333333	106.14756053692798	-2.0620399999999997
JARAN	6248	2	90.37388959276018	0.5336612021857924	0.25133333333333335	92.9397419989751	-2.0869999999999997
PIQUI	5968	1	97.00299728506786	0.28780487804878047	0.09766666666666668	205.81186440677962	-1.60028
PIQUI	5968	2	103.90303348416288	0.2647826086956522	0.165	243.96299846198423	-1.56284
CASTA	6568	1	309.393665158371	0.9377300613496933	0.20733333333333331	67.48712975338849	-1.89148
CASTA	6568	2	178.25367601809953	0.4800391772771792	0.209	36.377015066584484	-1.91644
VIROL	6636	1	22.27272036199095	0.414	0.19566666666666663	134.90443089164316	-2.0682799999999997
VIROL	6636	2	37.054490497737554	0.41880597014925375	0.17633333333333334	132.65745348525942	-2.0662000000000003
ANGEL	6528	1	99.34686334841628	0.4940314136125655	0.154	106.82511379352013	-2.12652
ANGEL	6528	2	114.99549321266969	0.48486363636363633	0.15833333333333333	109.47516148038925	-2.01836
JUTAI	5961	1	18.418678733031673	0.3822222222222222	0.14633333333333332	179.4722017608474	-1.5794800000000002
JUTAI	5961	2	22.36163619909502	0.413030303030303	0.136	164.7592381723839	-1.71468
JARAN	6515	1	47.21180090497737	0.2567948717948718	0.182	236.2133722493183	-1.3694000000000002
JARAN	6515	2	34.230367420814474	0.26671641791044776	0.27233333333333337	192.11054194825877	-1.36108
PIQUI	5971	1	134.89786787330314	0.35925133689839567	0.31533333333333335	201.88104895472284	-1.6481199999999998
PIQUI	5971	2	209.9626244343891	0.28516447368421055	0.4493333333333333	243.42984859453952	-1.57324
PIQUI	6510	1	33.11181176470588	NA	0.4443333333333333	NA	-1.77708
PIQUI	6510	2	42.42623348416289	NA	0.48633333333333334	NA	-1.7542
CASTA	6616	1	NA	NA	NA	NA	-1.89148
CASTA	6616	2	NA	NA	NA	NA	-2.02668
VIROL	6631	1	17.656343891402713	NA	0.24166666666666667	NA	-1.56908
VIROL	6631	2	15.562222624434389	NA	0.2526666666666667	NA	-1.38396
COPAI	6894	1	54.84044524886877	0.5303418803418805	0.17933333333333332	88.67888033661364	-1.97468
COPAI	6894	2	43.83829502262443	0.5272380952380952	0.18466666666666667	79.59398948552297	-2.02668
COPAI	6897	1	81.30698280542985	0.524559585492228	0.183	80.4534648190492	-2.13068
COPAI	6897	2	45.30554570135746	0.5322330097087379	0.17633333333333331	82.95383822992895	-2.17436
COPAI	6898	1	75.66180271493212	0.514320987654321	0.174	91.13954594726106	-2.50716
COPAI	6898	2	63.50151674208144	0.5278358208955224	0.17733333333333334	90.24637059034642	-2.56332
COPAI	6910	1	46.31177194570135	0.10357894736842106	0.169	474.41551705109805	-2.33244
COPAI	6910	1	46.31177194570135	0.5549473684210526	0.169	88.54796448753423	-2.33244
COPAI	6910	1	46.31177194570135	0.5466666666666667	0.14933333333333332	474.41551705109805	-2.33244
COPAI	6910	1	46.31177194570135	2.928888888888889	0.14933333333333332	88.54796448753423	-2.33244
COPAI	6910	2	57.212463348416286	0.0759504132231405	0.18133333333333332	627.0128361045598	-2.43228
COPAI	6910	2	57.212463348416286	0.55	0.18133333333333332	86.58524363337197	-2.43228
COPAI	6910	2	57.212463348416286	0.48368421052631577	0.2	627.0128361045598	-2.43228
COPAI	6910	2	57.212463348416286	3.5026315789473683	0.2	86.58524363337197	-2.43228
QUARU	7589	1	22.438566515837103	0.4832203389830509	0.266	78.97794375554498	-1.80412
QUARU	7589	2	18.634696832579184	0.45942307692307693	0.25133333333333335	78.4162706522542	-1.65228
FREIJ	7121	1	38.59950769230769	0.40270833333333333	0.265	100.05261322165858	-1.83116
FREIJ	7121	2	28.098798190045247	0.3932786885245902	0.242	117.46290969653644	-1.80828
VIROL	6637	1	37.62031855203619	0.4609677419354839	0.22033333333333333	87.9839312158087	-1.91644
VIROL	6637	2	25.23286515837104	0.4457627118644068	0.22633333333333333	96.23072449804724	-1.91852
FREIJ	7134	1	79.48072398190045	0.3801273885350318	0.237	133.40934455861122	-1.723
FREIJ	7134	2	136.26867692307692	0.406908077994429	0.274	93.42040560431771	-1.64188
QUARU	7334	1	29.994461538461536	NA	NA	79.10974219332049	-1.97676
QUARU	7334	2	26.674472398190044	NA	NA	80.28481400176216	-2.139
COPAI	6896	1	57.93020090497737	0.5235251798561151	0.19833333333333333	80.045446603287985	-2.3782
COPAI	6896	1	57.93020090497737	0.5235251798561151	0.19833333333333333	80.045446603287985	-2.45516
VIROL	6404	1	54.85689049773755	NA	0.152	NA	-1.463
VIROL	6404	2	51.64309864253393	NA	0.14233333333333334	NA	-1.36316
QUARU	7333	1	21.800267873303163	0.359016393442623	0.251	99.95570156408189	-1.67932
QUARU	7333	2	23.18055384615384	0.35080645161290325	0.242	106.97965985333124	-1.64604
CEDRU	123	1	34.245140271493206	0.43666666666666665	0.23433333333333337	84.64533956707717	-1.63356
CEDRU	123	2	31.388684162895924	0.43726315789473685	0.25166666666666665	75.8195448098872	-1.62732
PARAP	5375	1	108.77946787330316	0.4397879858657243	0.22133333333333333	87.48602578523838	-1.983
PARAP	5375	2	115.20593665158368	0.43453987730061355	0.213	81.4279809600835	-1.83948
PARAP	1391	1	104.67540271493212	0.43768253968253973	0.23333333333333336	76.01646380106907	-1.7958
PARAP	1391	2	48.02040542986425	NA	0.24233333333333337	NA	-1.78956
CEDRU	527	1	24.25869321266968	0.33044776119402985	0.21433333333333332	110.06807359174647	-1.3548399999999998
CEDRU	527	2	28.08569773755656	0.36681818181818177	0.26933333333333337	87.26036322450054	-1.40268
ANDIR	266	1	87.56537556561085	0.46089928057553964	0.29666666666666663	68.4624276885078	-1.81244
ANDIR	266	2	52.07764343891402	0.39088235294117646	0.30866666666666664	79.18157359835755	-1.8478
CEDRU	1623	1	32.52396380090497	0.41898876404494384	0.239	87.48210734259666	-1.8374
CEDRU	1623	2	28.48902443438914	0.33045454545454545	0.21333333333333332	131.04925508453303	-1.39228
PARAP	276	1	48.767131221719445	NA	0.168	NA	-1.5004399999999998
PARAP	276	2	51.555855203619906	NA	0.16999999999999998	NA	-1.3902
JARAN	6947	1	71.01866787330316	0.5686842105263158	0.17666666666666667	82.28202964523295	-2.45932
JARAN	6947	2	63.43852307692307	0.5660759493670886	0.20366666666666663	70.98218376383166	-2.29708
CEDRU	292	1	28.24011583710407	0.32506666666666667	0.225	116.2984420877583	-1.3798
CEDRU	292	2	24.310537556561084	0.32358208955223877	0.22866666666666668	112.91773388322116	-1.45884
ANDIR	661	1	130.25417556561086	0.4284858044164038	0.23166666666666663	95.99985875343911	-1.723
ANDIR	661	2	101.9825628959276	0.396271186440678	0.231	109.2244831603761	-1.73132
ANDIR	656	1	117.32430769230768	0.44259259259259254	0.232	89.31819231715859	-1.88732
ANDIR	656	2	77.8515294117647	0.35791907514450866	0.21466666666666667	126.01415927134121	-1.70012
ANDIR	270	1	72.26990045248868	0.43082352941176477	0.22166666666666668	98.79761572317871	-1.85612
ANDIR	270	2	84.07368687782805	0.38673684210526316	0.215	114.53469531525184	-1.68556
CEDRU	278	1	27.087276018099544	0.397258064516129	0.19966666666666663	110.54939071103003	-1.7438
CEDRU	278	2	31.35607239819004	0.376	0.19133333333333333	128.7292695751346	-1.62732
ANDIR	820	1	86.7478515837104	0.40009049773755656	0.22	98.228962755913	-1.74172
ANDIR	820	2	102.97318009049772	0.39823754789272037	0.2303333333333333	99.17387772444421	-1.671
PARAP	5887	1	64.31207239819004	0.4898564593301436	0.2693333333333333	63.18266346916243	-1.90812
PARAP	5887	2	61.219808144796374	NA	0.2866666666666667	NA	-1.90812
PARAP	2035	1	80.80749321266967	0.46846715328467153	0.3423333333333333	63.04000485061104	-1.7333999999999998
PARAP	2035	2	102.41655022624433	NA	0.37766666666666665	NA	-1.67724
CUPIU	9103	1	23.66136832579185	NA	NA	143.92637989957421	-1.98508
CUPIU	9103	2	14.697035294117644	NA	NA	107.53994025966345	-2.035
CUPIU	8452	1	40.90713846153846	NA	NA	166.25612179792748	-1.7854
CUPIU	8452	2	31.398718552036197	NA	NA	154.61195316875424	-1.61692
COPAI	6910	1	46.31177194570135	0.10357894736842106	0.169	474.41551705109805	-2.46764
COPAI	6910	1	46.31177194570135	0.5549473684210526	0.169	88.54796448753423	-2.46764
COPAI	6910	1	46.31177194570135	0.5466666666666667	0.14933333333333332	474.41551705109805	-2.46764
COPAI	6910	1	46.31177194570135	2.928888888888889	0.14933333333333332	88.54796448753423	-2.46764
COPAI	6910	2	57.212463348416286	0.0759504132231405	0.18133333333333332	627.0128361045598	-2.4094
COPAI	6910	2	57.212463348416286	0.55	0.18133333333333332	86.58524363337197	-2.4094
COPAI	6910	2	57.212463348416286	0.48368421052631577	0.2	627.0128361045598	-2.4094
COPAI	6910	2	57.212463348416286	3.5026315789473683	0.2	86.58524363337197	-2.4094
QUARU	7541	1	11.829708597285066	0.44843749999999993	0.234	83.07992495309568	-1.84156
QUARU	7541	2	12.15443257918552	0.4706451612903226	0.24	84.00963903249917	-1.77916
CUPUI	8116	1	NA	NA	0.226	NA	-1.86652
CUPUI	8116	2	NA	NA	0.20866666666666667	NA	-1.88732
CUPUI	8833	1	NA	NA	0.22733333333333333	NA	-1.5046
CUPUI	8833	2	NA	NA	0.22333333333333333	NA	-1.567
JARAN	4646	1	110.2369628959276	0.41360869565217395	0.17633333333333331	116.40510223447502	-1.65852
JARAN	4646	2	117.6395547511312	0.433956043956044	0.20233333333333337	100.5746984459093	-1.67516
FREIJ	6416	1	27.176191855203616	NA	0.25133333333333335	NA	-1.36316
FREIJ	6416	2	64.01494298642534	NA	0.25	NA	-1.36524
QUARU	8499	1	26.355601809954745	0.45890410958904115	0.238	78.93386641453365	-1.83116
QUARU	8499	2	24.155840723981896	0.4004918032786885	0.22133333333333333	99.30334893490127	-1.6647599999999998
CUPUI	8188	1	NA	NA	0.19433333333333333	NA	-1.88316
CUPUI	8188	2	NA	NA	0.21866666666666668	NA	-1.8686
ANDIR	266	3	73.62036199095022	0.46485106382978725	0.31433333333333335	67.39603446933232	NA
ANDIR	266	4	43.27804162895927	0.5317834394904458	0.328	51.844544202600474	NA
ANDIR	266	5	51.214964705882345	0.45780303030303027	0.24033333333333337	85.23289876548385	NA
ANDIR	270	3	50.693733936651576	0.36176991150442483	0.216	124.0130167978677	NA
ANDIR	270	4	89.5728108597285	0.35185430463576156	0.18433333333333332	168.59230113450062	NA
ANDIR	270	5	35.6048	0.37931506849315066	0.20833333333333331	128.6339351808729	NA
ANDIR	656	3	111.853614479638	0.41792452830188676	0.23233333333333336	100.99825337323676	NA
ANDIR	656	4	117.56429683257916	0.4366326530612245	0.2303333333333333	91.59127902693604	NA
ANDIR	656	5	108.43774117647058	0.4355849056603774	0.219	93.95691341797715	NA
ANDIR	661	3	66.25093936651582	0.44713513513513514	0.26533333333333337	80.09059401174542	NA
ANDIR	661	4	63.61022262443438	0.37453237410071943	0.217	122.20671240806378	NA
ANDIR	661	5	71.2528036199095	0.4153703703703704	0.22366666666666668	105.89576957707871	NA
ANDIR	820	3	81.37666606334841	0.4047979797979798	0.21366666666666667	101.53150625382835	NA
ANDIR	820	4	70.27640180995475	0.3928915662650603	0.21333333333333332	107.75711306389373	NA
ANDIR	820	5	76.75833846153846	0.3988383838383838	0.23233333333333336	97.20042378198491	NA
ANGEL	5663	3	74.2678588235294	0.44124137931034485	0.22566666666666668	118.65932651464892	NA
ANGEL	5663	4	176.27885248868776	0.4279317697228145	0.24266666666666667	89.1856817879503	NA
ANGEL	5663	5	176.27885248868776	0.46465909090909085	0.24333333333333332	145.91641260977931	NA
ANGEL	5677	3	173.32121628959274	0.433473282442748	0.201	154.50969342566646	NA
ANGEL	5677	4	0	0.4290223463687151	0.1993333333333333	0	NA
ANGEL	5677	5	230.655207239819	0.4357183908045977	0.18233333333333335	161.14254542568042	NA
ANGEL	5993	3	108.9433628959276	0.531869918699187	0.22033333333333333	85.02827397214794	NA
ANGEL	5993	4	93.53388597285064	0.546468085106383	0.22933333333333333	74.09931636929447	NA
ANGEL	5993	5	120.0539402714932	0.5106201550387597	0.20033333333333336	93.5604848986108	NA
ANGEL	6243	3	68.24053574660633	0.4810775862068966	0.295	61.73932905507663	NA
ANGEL	6243	4	82.49605791855203	0.47130742049469965	0.2996666666666667	62.49759642948496	NA
ANGEL	6243	5	54.274338461538456	0.4476646706586827	0.25866666666666666	73.81280187096445	NA
ANGEL	6528	3	129.0366696832579	0.5028968253968255	0.14666666666666667	104.42668258630866	NA
ANGEL	6528	4	101.43903348416288	0.5133160621761659	0.1683333333333333	104.0188796531727	NA
ANGEL	6528	5	157.4094624434389	0.49996551724137933	0.15733333333333333	110.9287874120824	NA
CASTA	5744	3	147.74829683257917	0.539975845410628	0.2836666666666667	66.1434543984309	NA
CASTA	5744	4	146.77997828054296	0.528910411622276	0.312	67.21097606143438	NA
CASTA	5744	5	75.73594570135747	0.4682882882882883	0.26466666666666666	72.85158057658792	NA
CASTA	6568	3	294.3808253393665	0.4660116448326055	0.159	92.03291952372439	NA
CASTA	6568	4	122.24227330316742	0.4481009615384615	0.21866666666666668	65.5781473281418	NA
CASTA	6568	5	93.36776108597284	0.43868902439024393	0.24066666666666667	64.89100239656423	NA
CASTA	6617	1	67.4227330316742	NA	0.23266666666666663	NA	NA
CASTA	6617	2	100.78122352941176	NA	0.168	NA	NA
CASTA	6617	3	163.92540452488686	NA	0.20533333333333337	NA	NA
CASTA	6617	4	125.23224253393664	NA	0.15766666666666668	NA	NA
CASTA	6617	5	107.12713846153844	NA	0.18666666666666665	NA	NA
CEDRU	123	3	26.67419366515837	0.4167058823529412	0.25866666666666666	75.32087349990164	NA
CEDRU	123	4	29.190316742081443	0.3982352941176471	0.249	86.23843547190492	NA
CEDRU	123	5	28.764412669683253	0.4175581395348837	0.25666666666666665	80.1021760031048	NA
CEDRU	278	3	33.04296470588235	0.4158904109589041	0.20366666666666663	108.94917699521281	NA
CEDRU	278	4	29.55880180995475	0.3492537313432836	0.197	126.41257686506553	NA
CEDRU	278	5	27.37464977375565	0.40871428571428575	0.21166666666666667	95.75712064730712	NA
CEDRU	292	3	21.31973212669683	0.3448275862068966	0.23933333333333337	106.70179185520358	NA
CEDRU	292	4	17.244097737556558	0.32295454545454544	0.214	121.3596950716626	NA
CEDRU	292	5	18.57365429864253	0.3823404255319149	0.24033333333333332	103.37939804148189	NA
CEDRU	527	3	26.527858823529407	0.3790588235294118	0.26966666666666667	82.43386671385358	NA
CEDRU	527	4	22.171819004524885	0.3522448979591837	0.20866666666666667	128.5434058818286	NA
CEDRU	527	5	20.54792036199095	0.37773584905660373	0.22266666666666668	102.79846849982596	NA
CEDRU	1623	3	31.769433484162896	0.40691358024691354	0.23366666666666663	96.41659710934411	NA
CEDRU	1623	4	25.822664253393665	0.4165671641791045	0.22933333333333333	92.52218913086827	NA
CEDRU	1623	5	23.69676742081447	0.4131578947368421	0.216	100.65162213832126	NA
COPAI	6894	3	50.98946968325791	NA	0.17533333333333334	NA	NA
COPAI	6894	4	22.10715294117647	NA	0.206	NA	NA
COPAI	6897	3	23.157419004524883	NA	0.169	NA	NA
COPAI	6897	4	47.37820452488688	0.526697247706422	0.17933333333333332	84.98662868735718	NA
COPAI	6897	5	28.98461176470588	0.5162686567164179	0.18133333333333335	83.82942262234135	NA
COPAI	6898	3	54.13357828054298	0.5265546218487396	0.18666666666666668	86.47663393477403	NA
COPAI	6898	4	55.6030588235294	0.5123015873015873	0.192	86.49705619481898	NA
COPAI	6898	5	47.32050678733031	0.5183673469387755	0.17066666666666666	93.33112195817151	NA
COPAI	6910	3	8.756955656108596	0.53	0.158	103.27256040297105	NA
COPAI	6910	4	4.949741176470588	0.4171428571428571	0.217	84.75584206285254	NA
COPAI	6910	5	9.701860633484165	0.4924	0.20733333333333337	78.81284023951393	NA
CUPIU	8116	1	35.03395475113122	NA	NA	104.67355556873889	NA
CUPIU	8116	2	33.3676886877828	NA	NA	105.85153618549602	NA
CUPIU	8116	3	43.357201809954745	NA	NA	96.99722433113668	NA
CUPIU	8116	4	39.01091764705882	NA	NA	95.5447407471438	NA
CUPIU	8116	5	43.86115113122172	NA	NA	99.82055332549321	NA
CUPIU	8188	1	13.8675257918552	NA	NA	119.19824105165944	NA
CUPIU	8188	2	11.145976470588234	NA	NA	116.65150860855033	NA
CUPIU	8188	3	12.576713122171943	NA	NA	116.66709760827405	NA
CUPIU	8188	4	4.804242533936652	NA	NA	165.10382360715894	NA
CUPIU	8188	5	19.329020814479637	NA	NA	92.26262918606032	NA
CUPIU	8383	1	39.50539004524886	NA	NA	NA	NA
CUPIU	8383	2	32.0827294117647	NA	NA	NA	NA
CUPIU	8383	3	14.295659728506786	NA	NA	NA	NA
CUPIU	8383	4	24.622718552036197	NA	NA	NA	NA
CUPIU	8383	5	21.8225665158371	NA	NA	NA	NA
CUPIU	8452	3	21.296876018099542	NA	NA	172.44434022752665	NA
CUPIU	8452	4	26.315464253393664	NA	NA	106.2821658053056	NA
CUPIU	8452	5	16.531934841628956	NA	NA	128.55314806865442	NA
CUPIU	9103	3	14.20785882352941	NA	NA	188.43314089561554	NA
CUPIU	9103	4	12.262023529411763	NA	NA	98.80760297672654	NA
CUPIU	9103	5	13.58461176470588	NA	NA	100.77605166695756	NA
FAVA	5455	1	39.480582805429854	NA	0.184	NA	NA
FAVA	6513	1	29.98554208144796	0.45517857142857143	0.15266666666666667	58.88002925466289	NA
FAVA	6513	2	52.41268054298642	0.44742138364779876	0.201	73.86111892043856	NA
FAVA	6513	3	37.92943348416289	0.431865671641791	0.16866666666666666	65.63303143963651	NA
FAVA	6513	4	28.99380995475113	0.4346875	0.19966666666666663	69.56169211034522	NA
FAVA	6513	5	86.63050497737555	0.48305785123966943	0.24366666666666667	78.99947435445847	NA
FAVAO	5685	1	72.79865701357465	0.4036423841059603	0.195	123.97331838648249	NA
FAVAO	5685	2	132.56933212669682	0.4417784256559767	0.21733333333333335	90.74063436805814	NA
FAVAO	5685	3	124.13598552036196	0.47237142857142855	0.23766666666666664	78.92040955795798	NA
FAVAO	5685	4	97.31545701357464	0.434963768115942	0.21466666666666667	85.58857037320423	NA
FAVAO	5685	5	68.54965067873302	0.4701149425287356	0.264	85.99186626691301	NA
FREIJ	6416	3	23.113657918552033	NA	0.23566666666666664	NA	NA
FREIJ	6416	4	17.22820995475113	NA	0.25133333333333335	NA	NA
FREIJ	6416	5	19.570124886877828	NA	0.203	NA	NA
FREIJ	6564	3	66.25428416289591	0.40350364963503643	0.23133333333333336	119.86730490927307	NA
FREIJ	6564	4	31.895420814479632	0.4066233766233766	0.2613333333333333	101.8724273828638	NA
FREIJ	6564	5	29.043424434389134	0.3968	0.252	97.59215199727532	NA
FREIJ	7121	3	42.489784615384615	0.40481132075471693	0.268	99.08956028138448	NA
FREIJ	7121	4	39.34205248868778	0.43321839080459773	0.25166666666666665	104.39953466538766	NA
FREIJ	7121	5	86.87467511312217	0.41933628318584076	0.28833333333333333	91.67778527389721	NA
FREIJ	7134	3	114.43440361990947	NA	0.253	NA	NA
FREIJ	7134	4	72.71893936651583	0.365703125	0.37766666666666665	77.81838006923144	NA
FREIJ	7134	5	112.66500633484162	0.42757412398921835	0.42633333333333334	71.15081026082207	NA
JARAN	4646	3	84.62975927601809	0.35202312138728326	0.1673333333333333	140.694731367348	NA
JARAN	4646	4	161.2534696832579	0.4208108108108108	0.182	116.07252606096536	NA
JARAN	4646	5	73.25243438914026	0.4267123287671233	0.175	118.22083481620824	NA
JARAN	6248	3	91.26360542986426	0.48120481927710845	0.18666666666666668	114.95643918366235	NA
JARAN	6248	4	85.24548054298641	0.45559006211180125	0.17	116.21856406555068	NA
JARAN	6248	5	36.86188597285067	0.4751515151515151	0.27	118.1060116354234	NA
JARAN	6515	3	48.36854298642533	0.24552083333333333	0.23566666666666664	205.9348700414861	NA
JARAN	6515	4	47.77093936651583	0.2300943396226415	0.248	196.57821338394376	NA
JARAN	6515	5	49.03164886877828	0.25595505617977526	0.24733333333333335	215.59596216415923	NA
JARAN	6517	3	72.11018642533936	0.46064	0.18166666666666667	125.24881848429648	NA
JARAN	6517	4	68.71382443438914	0.478076923076923	0.15	138.33780482921554	NA
JARAN	6517	5	136.3801701357466	0.47600000000000003	0.13233333333333333	133.5780527511436	NA
JARAN	6947	3	46.38786606334841	0.5593749999999998	0.19766666666666663	74.20527313632802	NA
JARAN	6947	4	41.25304615384615	0.5972043010752688	0.224	74.27828787535623	NA
JARAN	6947	5	50.05013936651583	0.5766129032258064	0.19833333333333333	70.00292377305952	NA
JUTAI	5961	3	17.044524886877827	0.4572727272727273	0.19366666666666665	169.43421822009122	NA
JUTAI	5961	4	20.159366515837103	0.4116666666666667	0.211	163.25404949896495	NA
JUTAI	5961	5	16.030215384615385	0.38625000000000004	0.182	172.94377327729694	NA
PARAP	1391	3	27.79497918552036	0.4659154929577465	0.22766666666666668	84.04458135221348	NA
PARAP	1391	4	100.05428778280542	0.447431906614786	0.246	87.08231721113661	NA
PARAP	2035	3	111.88845610859728	0.4646335697399527	0.37166666666666665	56.940021650573016	NA
PARAP	2035	4	120.83940995475112	0.43426433915211976	0.2846666666666667	69.45244763276231	NA
PARAP	2035	5	82.21035656108596	0.45883211678832114	0.336	65.39894587267834	NA
PARAP	5375	3	56.60148054298642	0.43360759493670886	0.22466666666666668	82.63289105993047	NA
PARAP	5375	4	186.74360542986423	0.4479563492063492	0.22866666666666668	83.00039302401414	NA
PARAP	5375	5	103.78652307692306	0.4477477477477478	0.23266666666666663	69.61296709366302	NA
PARAP	5887	3	47.948771040723976	NA	0.235	NA	NA
PARAP	5887	4	33.587330316742076	NA	0.26933333333333337	NA	NA
PARAP	5887	5	29.031996380090497	0.4707692307692308	0.24266666666666667	79.06696635416358	NA
PEQUI	5950	1	171.97382081447964	NA	0.19733333333333333	NA	NA
PEQUI	5950	2	133.89359276018098	NA	0.23566666666666664	NA	NA
PEQUI	5950	3	194.9107619909502	NA	0.19333333333333333	NA	NA
PEQUI	5950	4	134.26152036199093	0.4384671532846715	0.23266666666666663	112.37414268572033	NA
PEQUI	5950	5	121.94040542986424	0.4487755102040816	0.2	110.97630802977083	NA
PEQUI	5953	1	115.07047239819003	NA	0.19133333333333333	NA	NA
PEQUI	5953	2	189.73441085972848	0.3012181303116147	0.18566666666666667	178.5511425413838	NA
PEQUI	5953	3	164.6445357466063	NA	0.19033333333333333	NA	NA
PEQUI	5953	4	101.25980814479637	NA	0.152	NA	NA
PEQUI	5953	5	89.70855384615385	NA	0.15766666666666668	NA	NA
PIQUI	5968	3	174.99222081447962	0.24814935064935065	0.15766666666666668	228.9611515697977	NA
PIQUI	5968	4	321.0750877828054	NA	0.21566666666666667	NA	NA
PIQUI	5968	5	92.16948778280542	NA	0.19166666666666668	NA	NA
PIQUI	5971	3	105.8340959276018	NA	0.293	NA	NA
PIQUI	5971	4	98.6949067873303	NA	0.23933333333333337	NA	NA
PIQUI	5971	5	162.13677466063348	NA	0.17833333333333334	NA	NA
PIQUI	6510	3	30.31667692307692	0.4004109589041096	0.42333333333333334	103.73198056295598	NA
PIQUI	6510	4	26.82220090497737	0.4105	0.48633333333333334	108.90053148590083	NA
PIQUI	6510	5	35.853151131221715	0.38261904761904764	0.29000000000000004	111.58340630781056	NA
QUARU	7333	3	19.64900633484163	NA	0.267	NA	NA
QUARU	7333	4	27.190685972850673	NA	0.224	NA	NA
QUARU	7333	5	21.89224977375565	0.29523809523809524	0.17833333333333334	176.6335717413516	NA
QUARU	7334	3	19.595210859728507	NA	NA	71.85833636153963	NA
QUARU	7334	4	23.34472760180995	NA	NA	66.81331650094327	NA
QUARU	7334	5	25.30812307692307	NA	NA	99.75610199812012	NA
QUARU	7541	3	16.633114932126695	0.4730232558139535	0.24333333333333332	81.78498556218493	NA
QUARU	7541	4	17.801006334841627	0.4083673469387755	0.24333333333333332	88.96194436718292	NA
QUARU	7541	5	12.970841628959274	0.48333333333333334	0.24833333333333332	81.3411140583554	NA
QUARU	7589	3	21.79525067873303	0.47727272727272724	0.25966666666666666	83.04863951734538	NA
QUARU	7589	4	18.79468959276018	0.48189655172413803	0.274	67.24396992042998	NA
QUARU	7589	5	21.165035294117644	0.4383076923076923	0.2713333333333333	74.29032652562064	NA
QUARU	8499	3	22.89485248868778	0.45241379310344837	0.22433333333333333	87.25278666813817	NA
QUARU	8499	4	15.914262443438911	0.41024999999999995	0.21666666666666667	96.97905206239435	NA
QUARU	8499	5	18.202939366515835	0.4530952380952381	0.22433333333333333	95.65977035545208	NA
VIROL	6404	3	49.153176470588235	NA	0.12966666666666668	NA	NA
VIROL	6404	4	36.10066606334841	NA	0.14166666666666666	NA	NA
VIROL	6631	3	13.937209049773754	0.3952	0.201	141.06769010936668	NA
VIROL	6631	4	14.724629864253393	0.3839285714285714	0.20133333333333336	136.9784867936441	NA
VIROL	6631	5	16.759380995475112	NA	0.194	NA	NA
VIROL	6632	3	45.866356561085965	0.4571264367816092	0.15066666666666667	115.61218181011402	NA
VIROL	6632	4	43.73070407239819	0.4096842105263158	0.17133333333333334	112.36049350564797	NA
VIROL	6632	5	25.07287239819004	0.45687500000000003	0.18566666666666667	114.42416739399115	NA
VIROL	6636	3	32.74444162895927	0.3932835820895522	0.241	124.26733066018699	NA
VIROL	6636	4	19.31313303167421	0.41361111111111115	0.18233333333333332	129.7053930938496	NA
VIROL	6636	5	31.507145701357462	0.44553846153846155	0.24966666666666668	108.7953926151846	NA
VIROL	6637	3	29.887706787330316	0.49594202898550727	0.208	87.33987956554739	NA
VIROL	6637	4	37.05281809954751	0.48696202531645566	0.21666666666666667	96.31613750857164	NA
VIROL	6637	5	27.509835294117643	0.47944444444444445	0.18133333333333332	106.25660600277189	NA
QUARU	7734	1	NA	NA	0.264	NA	NA
QUARU	7734	2	NA	NA	0.253	NA	NA
QUARU	7734	3	NA	NA	0.254	NA	NA
QUARU	7734	4	NA	NA	0.274	NA	NA
QUARU	7734	5	NA	NA	0.22766666666666668	NA	NA
CUPUI	8833	3	NA	NA	0.21366666666666667	NA	NA
CUPUI	8833	4	NA	NA	0.155	NA	NA
CUPUI	8833	5	NA	NA	0.18	NA	NA
CUPUI	8188	3	NA	NA	0.21266666666666667	NA	NA
CUPUI	8188	4	NA	NA	0.19266666666666665	NA	NA
CUPUI	8188	5	NA	NA	0.262	NA	NA
CUPUI	8116	3	NA	NA	0.238	NA	NA
CUPUI	8116	4	NA	NA	0.228	NA	NA
CUPUI	8116	5	NA	NA	0.22533333333333333	NA	NA
CUPUI	9103	1	NA	NA	0.16333333333333333	NA	NA
CUPUI	9103	2	NA	NA	0.17933333333333332	NA	NA
CUPUI	9103	3	NA	NA	0.128	NA	NA
CUPUI	9103	4	NA	NA	0.199	NA	NA
CUPUI	9103	5	NA	NA	0.19333333333333333	NA	NA
CUPUI	8452	1	NA	NA	0.16933333333333334	NA	NA
CUPUI	8452	2	NA	NA	0.14733333333333332	NA	NA
CUPUI	8452	3	NA	NA	0.14533333333333331	NA	NA
CUPUI	8452	4	NA	NA	0.19466666666666663	NA	NA
CUPUI	8452	5	NA	NA	0.17466666666666666	NA	NA
CASTA	6617	1	NA	NA	NA	NA	NA
CASTA	6617	4	NA	NA	NA	NA	NA
FREIJ	7134	3	NA	NA	NA	NA	NA
QUARU	7333	3	NA	NA	NA	NA	NA
QUARU	7333	4	NA	NA	NA	NA	NA
VIROL	6404	1	NA	NA	NA	NA	NA
VIROL	6404	2	NA	NA	NA	NA	NA
VIROL	6404	3	NA	NA	NA	NA	NA
VIROL	6404	4	NA	NA	NA	NA	NA
COPAI	6894	3	NA	NA	NA	NA	NA
COPAI	6894	4	NA	NA	NA	NA	NA
COPAI	6897	3	NA	NA	NA	NA	NA
CASTA	6617	2	NA	NA	NA	NA	NA
CASTA	6617	3	NA	NA	NA	NA	NA
CASTA	6617	5	NA	NA	NA	NA	NA
PARAP	5887	4	NA	NA	NA	NA	NA
PARAP	5887	2	NA	NA	NA	NA	NA
PARAP	5887	3	NA	NA	NA	NA	NA
PARAP	1391	2	NA	NA	NA	NA	NA
PARAP	2035	2	NA	NA	NA	NA	NA
PARAP	276	2	NA	NA	NA	NA	NA
PARAP	276	1	NA	NA	NA	NA	NA
VIROL	6631	1	NA	NA	NA	NA	NA
VIROL	6631	2	NA	NA	NA	NA	NA
VIROL	6631	5	NA	NA	NA	NA	NA
PIQUI	6510	1	NA	NA	NA	NA	NA
PIQUI	6510	2	NA	NA	NA	NA	NA
PIQUI	5968	4	NA	NA	NA	NA	NA
PIQUI	5968	5	NA	NA	NA	NA	NA
PIQUI	5971	3	NA	NA	NA	NA	NA
PIQUI	5971	4	NA	NA	NA	NA	NA
PIQUI	5971	5	NA	NA	NA	NA	NA
FAVA	5455	1	NA	NA	NA	NA	NA
FREIJ	6416	5	NA	NA	NA	NA	NA
FREIJ	6416	4	NA	NA	NA	NA	NA
FREIJ	6416	3	NA	NA	NA	NA	NA
FREIJ	6416	2	NA	NA	NA	NA	NA
FREIJ	6416	1	NA	NA	NA	NA	NA
CUPIU	8833	1	NA	NA	NA	NA	NA
CUPIU	8833	2	NA	NA	NA	NA	NA
CUPIU	8833	3	NA	NA	NA	NA	NA
CUPIU	8833	4	NA	NA	NA	NA	NA
CUPIU	8833	5	NA	NA	NA	NA	NA
PEQUI	5953	1	NA	NA	NA	NA	NA
PEQUI	5953	3	NA	NA	NA	NA	NA
PEQUI	5953	4	NA	NA	NA	NA	NA
PEQUI	5953	5	NA	NA	NA	NA	NA
PEQUI	5950	1	NA	NA	NA	NA	NA
PEQUI	5950	2	NA	NA	NA	NA	NA
PEQUI	5950	3	NA	NA	NA	NA	NA
